Model,Accuracy,AUC,Precision,Recall,F1,MCC
Logistic Regression,0.9949494949494949,1.0,1.0,0.98989898989899,0.9949238578680203,0.9899494936611666
Decision Tree,0.9949494949494949,0.994949494949495,1.0,0.98989898989899,0.9949238578680203,0.9899494936611666
kNN,0.9949494949494949,0.994949494949495,1.0,0.98989898989899,0.9949238578680203,0.9899494936611666
Naive Bayes,0.9949494949494949,1.0,1.0,0.98989898989899,0.9949238578680203,0.9899494936611666
Random Forest,0.9949494949494949,1.0,0.99,1.0,0.9949748743718593,0.9899494936611666
XGBoost,0.9949494949494949,0.994949494949495,1.0,0.98989898989899,0.9949238578680203,0.9899494936611666
